CREATE DATABASE  IF NOT EXISTS `student_teacher_info` /*!40100 DEFAULT CHARACTER SET utf8mb4 COLLATE utf8mb4_0900_ai_ci */;
USE `student_teacher_info`;
-- MySQL dump 10.13  Distrib 8.0.13, for Win64 (x86_64)
--
-- Host: 127.0.0.1    Database: student_teacher_info
-- ------------------------------------------------------
-- Server version	8.0.13

/*!40101 SET @OLD_CHARACTER_SET_CLIENT=@@CHARACTER_SET_CLIENT */;
/*!40101 SET @OLD_CHARACTER_SET_RESULTS=@@CHARACTER_SET_RESULTS */;
/*!40101 SET @OLD_COLLATION_CONNECTION=@@COLLATION_CONNECTION */;
 SET NAMES utf8 ;
/*!40103 SET @OLD_TIME_ZONE=@@TIME_ZONE */;
/*!40103 SET TIME_ZONE='+00:00' */;
/*!40014 SET @OLD_UNIQUE_CHECKS=@@UNIQUE_CHECKS, UNIQUE_CHECKS=0 */;
/*!40014 SET @OLD_FOREIGN_KEY_CHECKS=@@FOREIGN_KEY_CHECKS, FOREIGN_KEY_CHECKS=0 */;
/*!40101 SET @OLD_SQL_MODE=@@SQL_MODE, SQL_MODE='NO_AUTO_VALUE_ON_ZERO' */;
/*!40111 SET @OLD_SQL_NOTES=@@SQL_NOTES, SQL_NOTES=0 */;

--
-- Position to start replication or point-in-time recovery from
--

-- CHANGE MASTER TO MASTER_LOG_FILE='VELYANA-PC-bin.000061', MASTER_LOG_POS=155;

--
-- Table structure for table `course`
--

DROP TABLE IF EXISTS `course`;
/*!40101 SET @saved_cs_client     = @@character_set_client */;
 SET character_set_client = utf8mb4 ;
CREATE TABLE `course` (
  `id` int(11) NOT NULL AUTO_INCREMENT,
  `name` varchar(20) NOT NULL,
  `type` enum('Main','Secondary') NOT NULL,
  PRIMARY KEY (`id`),
  UNIQUE KEY `id_UNIQUE` (`id`)
) ENGINE=InnoDB AUTO_INCREMENT=6 DEFAULT CHARSET=utf8mb4 COLLATE=utf8mb4_0900_ai_ci;
/*!40101 SET character_set_client = @saved_cs_client */;

--
-- Dumping data for table `course`
--

LOCK TABLES `course` WRITE;
/*!40000 ALTER TABLE `course` DISABLE KEYS */;
INSERT INTO `course` VALUES (1,'Biology','Secondary'),(2,'Chemistry','Secondary'),(3,'Sport','Main'),(4,'Math','Main'),(5,'Music','Secondary');
/*!40000 ALTER TABLE `course` ENABLE KEYS */;
UNLOCK TABLES;

--
-- Table structure for table `hibernate_sequence`
--

DROP TABLE IF EXISTS `hibernate_sequence`;
/*!40101 SET @saved_cs_client     = @@character_set_client */;
 SET character_set_client = utf8mb4 ;
CREATE TABLE `hibernate_sequence` (
  `next_val` bigint(20) DEFAULT NULL
) ENGINE=InnoDB DEFAULT CHARSET=utf8mb4 COLLATE=utf8mb4_0900_ai_ci;
/*!40101 SET character_set_client = @saved_cs_client */;

--
-- Dumping data for table `hibernate_sequence`
--

LOCK TABLES `hibernate_sequence` WRITE;
/*!40000 ALTER TABLE `hibernate_sequence` DISABLE KEYS */;
INSERT INTO `hibernate_sequence` VALUES (91);
/*!40000 ALTER TABLE `hibernate_sequence` ENABLE KEYS */;
UNLOCK TABLES;

--
-- Table structure for table `student`
--

DROP TABLE IF EXISTS `student`;
/*!40101 SET @saved_cs_client     = @@character_set_client */;
 SET character_set_client = utf8mb4 ;
CREATE TABLE `student` (
  `id` int(11) NOT NULL AUTO_INCREMENT,
  `name` varchar(45) NOT NULL,
  `age` int(11) NOT NULL,
  `group` int(11) NOT NULL,
  PRIMARY KEY (`id`),
  UNIQUE KEY `id_UNIQUE` (`id`)
) ENGINE=InnoDB AUTO_INCREMENT=7 DEFAULT CHARSET=utf8mb4 COLLATE=utf8mb4_0900_ai_ci;
/*!40101 SET character_set_client = @saved_cs_client */;

--
-- Dumping data for table `student`
--

LOCK TABLES `student` WRITE;
/*!40000 ALTER TABLE `student` DISABLE KEYS */;
INSERT INTO `student` VALUES (1,'Pesho',15,1),(2,'Tanya',15,1),(3,'Ivan',16,2),(4,'Simona',14,1);
/*!40000 ALTER TABLE `student` ENABLE KEYS */;
UNLOCK TABLES;

--
-- Table structure for table `student_course`
--

DROP TABLE IF EXISTS `student_course`;
/*!40101 SET @saved_cs_client     = @@character_set_client */;
 SET character_set_client = utf8mb4 ;
CREATE TABLE `student_course` (
  `student_id` int(11) NOT NULL,
  `course_id` int(11) NOT NULL,
  PRIMARY KEY (`student_id`,`course_id`),
  KEY `course_fk_idx` (`course_id`),
  CONSTRAINT `s_c_course_fk` FOREIGN KEY (`course_id`) REFERENCES `course` (`id`),
  CONSTRAINT `s_c_student_fk` FOREIGN KEY (`student_id`) REFERENCES `student` (`id`)
) ENGINE=InnoDB DEFAULT CHARSET=utf8mb4 COLLATE=utf8mb4_0900_ai_ci;
/*!40101 SET character_set_client = @saved_cs_client */;

--
-- Dumping data for table `student_course`
--

LOCK TABLES `student_course` WRITE;
/*!40000 ALTER TABLE `student_course` DISABLE KEYS */;
INSERT INTO `student_course` VALUES (2,1),(1,2),(1,3),(2,3),(1,4),(2,5);
/*!40000 ALTER TABLE `student_course` ENABLE KEYS */;
UNLOCK TABLES;

--
-- Table structure for table `student_teacher`
--

DROP TABLE IF EXISTS `student_teacher`;
/*!40101 SET @saved_cs_client     = @@character_set_client */;
 SET character_set_client = utf8mb4 ;
CREATE TABLE `student_teacher` (
  `student_id` int(11) NOT NULL,
  `teacher_id` int(11) NOT NULL,
  PRIMARY KEY (`student_id`,`teacher_id`),
  KEY `teacher_fk_idx` (`teacher_id`),
  CONSTRAINT `s_t_student_fk` FOREIGN KEY (`student_id`) REFERENCES `student` (`id`),
  CONSTRAINT `s_t_teacher_fk` FOREIGN KEY (`teacher_id`) REFERENCES `teacher` (`id`)
) ENGINE=InnoDB DEFAULT CHARSET=utf8mb4 COLLATE=utf8mb4_0900_ai_ci;
/*!40101 SET character_set_client = @saved_cs_client */;

--
-- Dumping data for table `student_teacher`
--

LOCK TABLES `student_teacher` WRITE;
/*!40000 ALTER TABLE `student_teacher` DISABLE KEYS */;
INSERT INTO `student_teacher` VALUES (1,1),(2,2),(1,3),(1,4),(2,4),(2,5);
/*!40000 ALTER TABLE `student_teacher` ENABLE KEYS */;
UNLOCK TABLES;

--
-- Table structure for table `teacher`
--

DROP TABLE IF EXISTS `teacher`;
/*!40101 SET @saved_cs_client     = @@character_set_client */;
 SET character_set_client = utf8mb4 ;
CREATE TABLE `teacher` (
  `id` int(11) NOT NULL AUTO_INCREMENT,
  `name` varchar(45) NOT NULL,
  `age` int(11) NOT NULL,
  `course_id` int(11) NOT NULL,
  PRIMARY KEY (`id`),
  UNIQUE KEY `id_UNIQUE` (`id`),
  KEY `teacer_course_fk_idx` (`course_id`),
  CONSTRAINT `teacer_course_fk` FOREIGN KEY (`course_id`) REFERENCES `course` (`id`)
) ENGINE=InnoDB AUTO_INCREMENT=6 DEFAULT CHARSET=utf8mb4 COLLATE=utf8mb4_0900_ai_ci;
/*!40101 SET character_set_client = @saved_cs_client */;

--
-- Dumping data for table `teacher`
--

LOCK TABLES `teacher` WRITE;
/*!40000 ALTER TABLE `teacher` DISABLE KEYS */;
INSERT INTO `teacher` VALUES (1,'Mariya',20,4),(2,'Penko',30,1),(3,'Atanas',28,2),(4,'Stanka',38,3),(5,'Penka',40,5);
/*!40000 ALTER TABLE `teacher` ENABLE KEYS */;
UNLOCK TABLES;
/*!40103 SET TIME_ZONE=@OLD_TIME_ZONE */;

/*!40101 SET SQL_MODE=@OLD_SQL_MODE */;
/*!40014 SET FOREIGN_KEY_CHECKS=@OLD_FOREIGN_KEY_CHECKS */;
/*!40014 SET UNIQUE_CHECKS=@OLD_UNIQUE_CHECKS */;
/*!40101 SET CHARACTER_SET_CLIENT=@OLD_CHARACTER_SET_CLIENT */;
/*!40101 SET CHARACTER_SET_RESULTS=@OLD_CHARACTER_SET_RESULTS */;
/*!40101 SET COLLATION_CONNECTION=@OLD_COLLATION_CONNECTION */;
/*!40111 SET SQL_NOTES=@OLD_SQL_NOTES */;

-- Dump completed on 2022-09-19  6:51:57
